"date","n_unique_users","n_unique_users_for_r_only","n_unique_users_for_py_only","n_unique_users_for_r_and_py"
2025-02-05,2,1,0,1
2025-02-11,2,1,0,1
2025-02-18,3,1,2,0
2025-02-19,2,0,2,0
2025-02-20,1,1,0,0
2025-02-24,1,0,1,0
2025-02-25,3,0,2,1
2025-02-26,64,49,14,1
2025-02-27,90,74,15,1
2025-02-28,86,65,15,6
2025-03-01,53,29,22,2
2025-03-02,53,32,16,5
2025-03-03,141,110,28,3
2025-03-04,102,72,25,5
2025-03-05,129,96,28,5
2025-03-06,130,85,43,2
2025-03-07,113,81,30,2
2025-03-08,74,51,19,4
2025-03-09,52,35,17,0
2025-03-10,115,87,21,7
2025-03-11,136,94,33,9
2025-03-12,127,87,33,7
2025-03-13,135,90,35,10
2025-03-14,134,75,55,4
2025-03-15,57,39,16,2
2025-03-16,60,43,12,5
2025-03-17,115,81,33,1
2025-03-18,133,81,43,9
2025-03-19,129,86,31,12
2025-03-20,125,85,34,6
2025-03-21,90,64,18,8
2025-03-22,65,39,23,3
2025-03-23,59,41,14,4
2025-03-24,145,99,39,7
2025-03-25,121,82,32,7
2025-03-26,120,76,37,7
2025-03-27,109,65,35,9
2025-03-28,89,61,23,5
2025-03-29,48,26,18,4
2025-03-30,52,31,20,1
2025-03-31,89,59,26,4
2025-04-01,132,81,38,13
2025-04-02,130,83,33,14
2025-04-03,117,81,32,4
2025-04-04,94,64,27,3
2025-04-05,52,34,14,4
2025-04-06,59,38,18,3
2025-04-07,140,90,46,4
2025-04-08,277,189,78,10
2025-04-09,277,194,71,12
2025-04-10,250,185,57,8
2025-04-11,194,140,48,6
2025-04-12,104,74,27,3
2025-04-13,76,48,23,5
2025-04-14,190,128,52,10
2025-04-15,186,122,49,15
2025-04-16,141,98,34,9
2025-04-17,146,84,50,12
2025-04-18,101,62,35,4
2025-04-19,71,46,24,1
2025-04-20,74,49,22,3
2025-04-21,86,46,33,7
2025-04-22,143,96,38,9
2025-04-23,151,102,44,5
2025-04-24,126,78,35,13
2025-04-25,115,73,33,9
2025-04-26,56,43,8,5
2025-04-27,79,39,31,9
2025-04-28,128,89,32,7
2025-04-29,126,86,34,6
2025-04-30,114,73,30,11
2025-05-01,104,66,31,7
2025-05-02,100,65,28,7
2025-05-03,73,48,18,7
2025-05-04,55,29,24,2
2025-05-05,120,70,42,8
2025-05-06,149,84,51,14
2025-05-07,272,183,81,8
2025-05-08,280,213,59,8
2025-05-09,258,185,60,13
2025-05-10,102,69,29,4
2025-05-11,96,72,21,3
2025-05-12,208,144,56,8
2025-05-13,224,154,60,10
2025-05-14,202,143,52,7
2025-05-15,170,117,42,11
2025-05-16,174,108,55,11
2025-05-17,97,67,26,4
2025-05-18,88,60,23,5
2025-05-19,151,99,38,14
2025-05-20,176,113,52,11
2025-05-21,165,112,46,7
2025-05-22,156,89,51,16
2025-05-23,139,88,42,9
2025-05-24,87,51,32,4
2025-05-25,63,42,17,4
2025-05-26,119,69,39,11
2025-05-27,144,93,41,10
2025-05-28,132,85,42,5
2025-05-29,129,83,35,11
2025-05-30,121,70,42,9
2025-05-31,90,60,24,6
2025-06-01,68,40,22,6
2025-06-02,319,236,67,16
2025-06-03,363,259,89,15
2025-06-04,286,201,74,11
2025-06-05,285,197,82,6
2025-06-06,229,167,52,10
2025-06-07,112,78,29,5
2025-06-08,137,84,48,5
2025-06-09,157,109,40,8
2025-06-10,218,144,61,13
2025-06-11,226,157,58,11
2025-06-12,191,135,46,10
2025-06-13,185,115,60,10
2025-06-14,92,57,31,4
2025-06-15,88,63,23,2
2025-06-16,203,128,64,11
2025-06-17,204,122,63,19
2025-06-18,221,148,58,15
2025-06-19,163,99,57,7
2025-06-20,156,96,48,12
2025-06-21,105,64,39,2
2025-06-22,86,54,25,7
2025-06-23,159,89,54,16
2025-06-24,180,115,53,12
2025-06-25,178,109,59,10
2025-06-26,176,114,46,16
2025-06-27,152,95,50,7
2025-06-28,71,51,17,3
2025-06-29,70,46,21,3
2025-06-30,172,106,55,11
2025-07-01,146,92,41,13
2025-07-02,212,139,62,11
2025-07-03,257,170,74,13
2025-07-04,209,139,55,15
2025-07-05,118,73,38,7
2025-07-06,119,83,28,8
2025-07-07,292,190,88,14
2025-07-08,254,162,75,17
2025-07-09,242,154,68,20
2025-07-10,218,149,59,10
2025-07-11,228,160,53,15
2025-07-12,103,64,32,7
2025-07-13,107,67,30,10
2025-07-14,208,146,48,14
2025-07-15,225,137,68,20
2025-07-16,250,168,64,18
2025-07-17,210,155,45,10
2025-07-18,184,126,46,12
2025-07-19,108,66,33,9
2025-07-20,103,71,27,5
2025-07-21,211,139,51,21
2025-07-22,281,180,69,32
2025-07-23,258,176,68,14
2025-07-24,216,133,70,13
2025-07-25,188,107,63,18
2025-07-26,111,68,37,6
2025-07-27,107,63,38,6
2025-07-28,272,181,70,21
2025-07-29,292,198,78,16
2025-07-30,306,197,89,20
2025-07-31,376,250,103,23
2025-08-01,319,216,91,12
2025-08-02,176,108,62,6
2025-08-03,149,97,46,6
2025-08-04,571,415,139,17
2025-08-05,558,403,141,14
2025-08-06,506,362,127,17
2025-08-07,483,346,120,17
2025-08-08,405,261,123,21
2025-08-09,200,143,50,7
2025-08-10,163,111,47,5
2025-08-11,418,294,101,23
2025-08-12,424,302,106,16
2025-08-13,362,249,92,21
2025-08-14,346,239,88,19
2025-08-15,319,228,77,14
2025-08-16,177,123,44,10
2025-08-17,159,99,48,12
2025-08-18,359,236,99,24
2025-08-19,396,253,113,30
2025-08-20,408,260,115,33
2025-08-21,370,248,90,32
2025-08-22,334,219,97,18
2025-08-23,198,123,63,12
2025-08-24,144,87,51,6
2025-08-25,356,237,100,19
2025-08-26,407,275,107,25
2025-08-27,350,227,99,24
2025-08-28,408,284,104,20
2025-08-29,331,203,105,23
2025-08-30,185,114,51,20
2025-08-31,167,115,43,9
2025-09-01,334,215,101,18
2025-09-02,741,553,154,34
2025-09-03,809,588,207,14
2025-09-04,780,571,189,20
2025-09-05,560,385,156,19
2025-09-06,256,180,69,7
2025-09-07,257,158,86,13
2025-09-08,574,399,146,29
2025-09-09,602,422,157,23
2025-09-10,591,399,169,23
2025-09-11,593,408,158,27
2025-09-12,494,335,122,37
2025-09-13,239,167,63,9
2025-09-14,296,213,72,11
2025-09-15,585,431,131,23
2025-09-16,669,457,164,48
2025-09-17,581,381,172,28
2025-09-18,570,389,147,34
2025-09-19,508,324,155,29
2025-09-20,230,138,76,16
2025-09-21,253,172,71,10
2025-09-22,580,340,201,39
2025-09-23,608,379,201,28
2025-09-24,530,321,165,44
2025-09-25,525,349,139,37
2025-09-26,424,279,127,18
2025-09-27,211,145,54,12
2025-09-28,266,161,92,13
2025-09-29,473,315,128,30
2025-09-30,492,314,145,33
2025-10-01,428,283,121,24
2025-10-02,518,361,127,30
2025-10-03,436,289,116,31
2025-10-04,242,157,69,16
2025-10-05,213,128,68,17
2025-10-06,449,295,116,38
2025-10-07,462,296,129,37
2025-10-08,472,316,121,35
2025-10-09,526,332,149,45
2025-10-10,799,583,186,30
2025-10-11,555,403,140,12
2025-10-12,521,376,130,15
2025-10-13,1016,775,221,20
2025-10-14,1007,757,225,25
2025-10-15,1488,1145,297,46
2025-10-16,1060,811,226,23
2025-10-17,785,594,170,21
2025-10-18,374,255,112,7
2025-10-19,326,218,99,9
2025-10-20,837,597,210,30
2025-10-21,829,591,199,39
2025-10-22,728,553,146,29
2025-10-23,748,527,193,28
2025-10-24,646,445,168,33
2025-10-25,299,194,90,15
2025-10-26,297,205,77,15
2025-10-27,606,413,159,34
2025-10-28,644,452,151,41
2025-10-29,594,403,157,34
2025-10-30,584,413,133,38
2025-10-31,496,330,144,22
2025-11-01,255,175,66,14
2025-11-02,283,173,88,22
2025-11-03,1160,844,278,38
2025-11-04,1290,1000,265,25
2025-11-05,1015,777,216,22
2025-11-06,937,696,213,28
2025-11-07,749,553,175,21
2025-11-08,363,260,93,10
2025-11-09,381,270,96,15
2025-11-10,750,514,195,41
2025-11-11,746,518,186,42
2025-11-12,731,500,197,34
2025-11-13,767,527,198,42
2025-11-14,608,402,173,33
2025-11-15,353,244,94,15
2025-11-16,313,198,93,22
2025-11-17,664,449,164,51
2025-11-18,690,479,173,38
2025-11-19,607,416,150,41
2025-11-20,641,446,156,39
2025-11-21,578,394,147,37
2025-11-22,295,188,82,25
2025-11-23,284,190,85,9
2025-11-24,556,381,139,36
2025-11-25,564,357,160,47
2025-11-26,507,345,126,36
2025-11-27,431,286,132,13
2025-11-28,404,277,104,23
2025-11-29,251,153,77,21
2025-11-30,234,148,70,16
2025-12-01,518,358,131,29
2025-12-02,729,493,177,59
2025-12-03,1343,1017,286,40
2025-12-04,1322,1032,257,33
2025-12-05,917,702,184,31
2025-12-06,360,240,107,13
2025-12-07,382,275,95,12
2025-12-08,1236,953,252,31
2025-12-09,1221,969,231,21
2025-12-10,960,729,204,27
2025-12-11,850,634,184,32
2025-12-12,652,453,171,28
2025-12-13,363,259,91,13
2025-12-14,316,208,93,15
2025-12-15,698,521,152,25
2025-12-16,664,488,147,29
2025-12-17,595,419,134,42
2025-12-18,1013,765,205,43
2025-12-19,1002,773,217,12
2025-12-20,352,254,88,10
2025-12-21,300,214,80,6
2025-12-22,591,439,128,24
2025-12-23,521,385,118,18
2025-12-24,318,233,67,18
2025-12-25,226,166,51,9
2025-12-26,270,180,74,16
2025-12-27,221,153,58,10
2025-12-28,217,145,62,10
2025-12-29,405,292,97,16
2025-12-30,431,317,95,19
2025-12-31,264,176,70,18
2026-01-01,169,109,47,13
2026-01-02,321,221,83,17
2026-01-03,216,140,60,16
2026-01-04,263,191,59,13
2026-01-05,554,393,136,25
2026-01-06,629,468,135,26
2026-01-07,692,513,150,29
2026-01-08,789,604,155,30
2026-01-09,1212,939,241,32
2026-01-10,499,381,103,15
2026-01-11,377,274,93,10
2026-01-12,916,698,186,32
2026-01-13,987,758,194,35
2026-01-14,933,702,195,36
2026-01-15,819,612,181,26
2026-01-16,721,519,170,32
2026-01-17,342,247,82,13
2026-01-18,314,203,90,21
2026-01-19,650,470,156,24
2026-01-20,783,554,187,42
2026-01-21,772,544,188,40
2026-01-22,766,552,169,45
2026-01-23,696,489,165,42
2026-01-24,309,203,86,20
