"date","n"
2024-10-30,2
2024-10-31,1
2024-11-01,19
2024-11-02,5
2024-11-03,1
2024-11-04,9
2024-11-05,1
2024-11-07,2
2024-11-08,11
2024-11-09,5
2024-11-12,17
2024-11-13,10
2024-11-14,1
2024-11-15,5
2024-11-16,14
2024-11-19,7
2024-11-20,3
2024-11-21,16
2024-11-22,16
2024-11-23,2
2024-11-25,2
2024-11-26,6
2024-12-02,91
2024-12-03,140
2024-12-04,179
2024-12-05,334
2024-12-06,265
2024-12-07,148
2024-12-08,83
2024-12-09,176
2024-12-10,157
2024-12-11,157
2024-12-12,133
2024-12-13,154
2024-12-14,81
2024-12-15,75
2024-12-16,121
2024-12-17,148
2024-12-18,144
2024-12-19,188
2024-12-20,125
2024-12-21,75
2024-12-22,60
2024-12-23,86
2024-12-24,65
2024-12-25,47
2024-12-26,73
2024-12-27,79
2024-12-28,37
2024-12-29,57
2024-12-30,48
2024-12-31,58
2025-01-01,26
2025-01-02,97
2025-01-03,99
2025-01-04,57
2025-01-05,53
2025-01-06,95
2025-01-07,144
2025-01-08,150
2025-01-09,151
2025-01-10,155
2025-01-11,82
2025-01-12,72
2025-01-13,187
2025-01-14,166
2025-01-15,141
2025-01-16,219
2025-01-17,171
2025-01-18,92
2025-01-19,79
2025-01-20,134
2025-01-21,147
2025-01-22,195
2025-01-23,155
2025-01-24,113
2025-01-25,115
2025-01-26,104
2025-01-27,199
2025-01-28,159
2025-01-29,138
2025-01-30,146
2025-01-31,141
2025-02-01,87
2025-02-02,60
2025-02-03,117
2025-02-04,153
2025-02-05,117
2025-02-06,122
2025-02-07,122
2025-02-08,65
2025-02-09,57
2025-02-10,115
2025-02-11,168
2025-02-12,317
2025-02-13,262
2025-02-14,133
2025-02-15,103
2025-02-16,83
2025-02-17,152
2025-02-18,324
2025-02-19,1219
2025-02-20,426
2025-02-21,422
2025-02-22,93
2025-02-23,102
2025-02-24,166
2025-02-25,145
2025-02-26,576
2025-02-27,654
2025-02-28,394
2025-03-01,254
2025-03-02,182
2025-03-03,600
2025-03-04,510
2025-03-05,560
2025-03-06,582
2025-03-07,386
2025-03-08,281
2025-03-09,219
2025-03-10,505
2025-03-11,386
2025-03-12,507
2025-03-13,432
2025-03-14,362
2025-03-15,173
2025-03-16,145
2025-03-17,407
2025-03-18,452
2025-03-19,378
2025-03-20,375
2025-03-21,368
2025-03-22,305
2025-03-23,311
2025-03-24,553
2025-03-25,606
2025-03-26,444
2025-03-27,554
2025-03-28,379
2025-03-29,257
2025-03-30,226
2025-03-31,347
2025-04-01,353
2025-04-02,411
2025-04-03,345
2025-04-04,328
2025-04-05,211
2025-04-06,185
2025-04-07,490
2025-04-08,1116
2025-04-09,809
2025-04-10,706
2025-04-11,596
2025-04-12,447
2025-04-13,334
2025-04-14,593
2025-04-15,582
2025-04-16,584
2025-04-17,475
2025-04-18,379
2025-04-19,268
2025-04-20,256
2025-04-21,343
2025-04-22,532
2025-04-23,551
2025-04-24,498
2025-04-25,413
2025-04-26,317
2025-04-27,321
2025-04-28,481
2025-04-29,561
2025-04-30,461
2025-05-01,416
2025-05-02,375
2025-05-03,267
2025-05-04,263
2025-05-05,515
2025-05-06,571
2025-05-07,1088
2025-05-08,908
2025-05-09,806
2025-05-10,361
2025-05-11,370
2025-05-12,646
2025-05-13,645
2025-05-14,595
2025-05-15,566
2025-05-16,557
2025-05-17,301
2025-05-18,285
2025-05-19,539
2025-05-20,593
2025-05-21,529
2025-05-22,574
2025-05-23,418
2025-05-24,287
2025-05-25,282
2025-05-26,332
2025-05-27,583
2025-05-28,551
2025-05-29,446
2025-05-30,398
2025-05-31,306
2025-06-01,304
2025-06-02,1488
2025-06-03,1679
2025-06-04,988
2025-06-05,967
2025-06-06,765
2025-06-07,376
2025-06-08,400
2025-06-09,640
2025-06-10,726
2025-06-11,710
2025-06-12,567
2025-06-13,569
2025-06-14,372
2025-06-15,333
2025-06-16,599
2025-06-17,704
2025-06-18,623
2025-06-19,499
2025-06-20,496
2025-06-21,302
2025-06-22,287
2025-06-23,683
2025-06-24,657
2025-06-25,537
2025-06-26,527
2025-06-27,594
2025-06-28,301
2025-06-29,257
2025-06-30,550
2025-07-01,537
2025-07-02,801
2025-07-03,1201
2025-07-04,805
2025-07-05,480
2025-07-06,396
2025-07-07,808
2025-07-08,725
2025-07-09,632
2025-07-10,664
2025-07-11,637
2025-07-12,357
2025-07-13,305
2025-07-14,633
2025-07-15,656
2025-07-16,695
2025-07-17,660
2025-07-18,605
2025-07-19,375
2025-07-20,337
2025-07-21,724
2025-07-22,773
2025-07-23,623
2025-07-24,621
2025-07-25,759
2025-07-26,398
2025-07-27,331
2025-07-28,654
2025-07-29,715
2025-07-30,916
2025-07-31,1028
2025-08-01,819
2025-08-02,423
2025-08-03,511
2025-08-04,1648
2025-08-05,1694
2025-08-06,1385
2025-08-07,1277
2025-08-08,1034
2025-08-09,541
2025-08-10,538
2025-08-11,1094
2025-08-12,1182
2025-08-13,946
2025-08-14,1015
2025-08-15,905
2025-08-16,597
2025-08-17,606
2025-08-18,1225
2025-08-19,1358
2025-08-20,1490
2025-08-21,1381
2025-08-22,1022
2025-08-23,545
2025-08-24,592
2025-08-25,1197
2025-08-26,1321
2025-08-27,1169
2025-08-28,1120
2025-08-29,1015
2025-08-30,613
2025-08-31,570
2025-09-01,963
2025-09-02,1970
2025-09-03,2666
2025-09-04,2404
2025-09-05,1853
2025-09-06,821
2025-09-07,831
2025-09-08,1602
2025-09-09,1607
2025-09-10,1654
2025-09-11,1842
2025-09-12,1367
2025-09-13,1163
2025-09-14,1119
2025-09-15,2112
2025-09-16,1806
2025-09-17,1929
2025-09-18,1791
2025-09-19,1414
2025-09-20,764
2025-09-21,774
2025-09-22,2021
2025-09-23,1985
2025-09-24,1493
2025-09-25,1521
2025-09-26,1242
2025-09-27,786
2025-09-28,675
2025-09-29,1426
2025-09-30,1438
2025-10-01,1411
2025-10-02,1654
2025-10-03,1205
2025-10-04,635
2025-10-05,648
2025-10-06,1245
2025-10-07,1304
2025-10-08,1200
2025-10-09,1444
2025-10-10,1738
2025-10-11,1724
2025-10-12,1638
2025-10-13,3535
2025-10-14,2877
2025-10-15,3540
2025-10-16,4236
2025-10-17,2426
2025-10-18,1010
2025-10-19,1084
2025-10-20,2279
2025-10-21,2185
2025-10-22,2061
2025-10-23,2027
2025-10-24,1734
2025-10-25,863
2025-10-26,846
2025-10-27,1696
2025-10-28,1750
2025-10-29,1747
2025-10-30,1665
2025-10-31,1442
2025-11-01,766
2025-11-02,743
2025-11-03,2984
2025-11-04,4193
2025-11-05,3206
2025-11-06,2518
2025-11-07,2047
2025-11-08,909
2025-11-09,930
2025-11-10,1900
2025-11-11,1866
2025-11-12,1912
2025-11-13,1888
2025-11-14,1601
2025-11-15,836
2025-11-16,809
2025-11-17,1780
2025-11-18,1741
2025-11-19,1613
2025-11-20,1492
2025-11-21,1416
2025-11-22,764
2025-11-23,1203
2025-11-24,1489
2025-11-25,1425
2025-11-26,1300
2025-11-27,1250
2025-11-28,1165
2025-11-29,679
2025-11-30,789
2025-12-01,1474
2025-12-02,1772
2025-12-03,3894
2025-12-04,3830
2025-12-05,2624
2025-12-06,1029
2025-12-07,1032
2025-12-08,2849
2025-12-09,4788
2025-12-10,2819
2025-12-11,2332
2025-12-12,1815
2025-12-13,908
2025-12-14,862
2025-12-15,1836
2025-12-16,1805
2025-12-17,1547
2025-12-18,2291
2025-12-19,3927
2025-12-20,1159
2025-12-21,1060
2025-12-22,1836
2025-12-23,1336
2025-12-24,886
2025-12-25,694
2025-12-26,767
2025-12-27,667
2025-12-28,762
2025-12-29,1140
2025-12-30,1122
2025-12-31,690
2026-01-01,532
2026-01-02,855
2026-01-03,662
2026-01-04,807
2026-01-05,1918
2026-01-06,1742
2026-01-07,1898
2026-01-08,2363
2026-01-09,4064
2026-01-10,1609
2026-01-11,1478
2026-01-12,3516
2026-01-13,2841
2026-01-14,2555
2026-01-15,2397
2026-01-16,1688
2026-01-17,830
2026-01-18,898
2026-01-19,1823
2026-01-20,2129
2026-01-21,2264
2026-01-22,2052
2026-01-23,1809
2026-01-24,775
